{
  "version": "1.1.0",
  "diagrams": [
    {
      "ordinal": 0,
      "scrollPosition": {
        "x": 64.613072877535672,
        "y": 275.73253193087896
      },
      "nodes": [
        {
          "location": {
            "x": 296.41084866232688,
            "y": 376.67468069120963
          },
          "nodeIndex": "All Sales",
          "nodeLineageTag": "f9d2df29-22a3-4834-b578-714153754bd0",
          "size": {
            "height": 257.809166040571,
            "width": 234
          },
          "zIndex": 2
        },
        {
          "location": {
            "x": 622.00288472543741,
            "y": 333.26832944573783
          },
          "nodeIndex": "Geography",
          "nodeLineageTag": "b50a81e9-2b28-4d03-9322-48fb960d80f4",
          "size": {
            "height": 269.07888805409459,
            "width": 234
          },
          "zIndex": 1
        },
        {
          "location": {
            "x": 0,
            "y": 383.637252026782
          },
          "nodeIndex": "Manufacturer",
          "nodeLineageTag": "46b712bd-05fd-4a8c-90ab-8f881f3cfda6",
          "size": {
            "height": 152,
            "width": 234
          },
          "zIndex": 4
        },
        {
          "location": {
            "x": 309.54169797144993,
            "y": 77.364607802069258
          },
          "nodeIndex": "Product",
          "nodeLineageTag": "2f1ae91e-2452-46be-9683-1af7d360d6d0",
          "size": {
            "height": 224,
            "width": 234
          },
          "zIndex": 3
        }
      ],
      "name": "All tables",
      "zoomValue": 133.10000000000005,
      "pinKeyFieldsToTop": false,
      "showExtraHeaderInfo": false,
      "hideKeyFieldsWhenCollapsed": false,
      "tablesLocked": false
    }
  ],
  "selectedDiagram": "All tables",
  "defaultDiagram": "All tables"
}